anime;numero_episodio;tipo_episodio;nota_simulada
Naruto Clássico;1;Canônico;6.2
Naruto Clássico;2;Canônico;6.9
Naruto Clássico;3;Canônico;8.8
Naruto Clássico;4;Canônico;6.8
Naruto Clássico;5;Filler;6.7
Naruto Clássico;6;Canônico;7.9
Naruto Clássico;7;Canônico;8.1
Naruto Clássico;8;Canônico;7.9
Naruto Clássico;9;Filler;7.3
Naruto Clássico;10;Canônico;7.3
Naruto Clássico;11;Canônico;7.3
Naruto Clássico;12;Canônico;7.8
Naruto Clássico;13;Canônico;8.1
Naruto Clássico;14;Filler;7.2
Naruto Clássico;15;Canônico;8.1
Naruto Clássico;16;Canônico;7.3
Naruto Clássico;17;Filler;6.6
Naruto Clássico;18;Canônico;8.6
Naruto Clássico;19;Filler;8.0
Naruto Clássico;20;Filler;6.2
Naruto Clássico;21;Canônico;9.1
Naruto Clássico;22;Filler;5.5
Naruto Clássico;23;Canônico;6.3
Naruto Clássico;24;Canônico;8.8
Naruto Clássico;25;Canônico;6.5
Naruto Clássico;26;Filler;6.9
Naruto Clássico;27;Filler;5.9
Naruto Clássico;28;Canônico;7.0
Naruto Clássico;29;Filler;6.1
Naruto Clássico;30;Canônico;8.5
Naruto Clássico;31;Filler;5.7
Naruto Clássico;32;Canônico;8.0
Naruto Clássico;33;Canônico;8.3
Naruto Clássico;34;Canônico;7.5
Naruto Clássico;35;Canônico;6.7
Naruto Clássico;36;Canônico;8.5
Naruto Clássico;37;Canônico;7.7
Naruto Clássico;38;Filler;6.7
Naruto Clássico;39;Filler;5.0
Naruto Clássico;40;Filler;5.5
Naruto Clássico;41;Canônico;7.5
Naruto Clássico;42;Canônico;7.6
Naruto Clássico;43;Canônico;7.5
Naruto Clássico;44;Filler;4.5
Naruto Clássico;45;Filler;7.2
Naruto Clássico;46;Filler;5.3
Naruto Clássico;47;Canônico;7.6
Naruto Clássico;48;Canônico;7.5
Naruto Clássico;49;Filler;7.4
Naruto Clássico;50;Filler;6.5
Naruto Clássico;51;Canônico;7.0
Naruto Clássico;52;Canônico;8.1
Naruto Clássico;53;Filler;6.3
Naruto Clássico;54;Filler;6.1
Naruto Clássico;55;Canônico;8.3
Naruto Clássico;56;Filler;6.9
Naruto Clássico;57;Filler;5.6
Naruto Clássico;58;Canônico;7.3
Naruto Clássico;59;Filler;5.4
Naruto Clássico;60;Canônico;7.0
Naruto Clássico;61;Canônico;9.0
Naruto Clássico;62;Canônico;8.7
Naruto Clássico;63;Filler;7.8
Naruto Clássico;64;Canônico;8.4
Naruto Clássico;65;Canônico;8.0
Naruto Clássico;66;Filler;6.3
Naruto Clássico;67;Filler;4.9
Naruto Clássico;68;Canônico;7.3
Naruto Clássico;69;Canônico;7.2
Naruto Clássico;70;Filler;7.9
Naruto Clássico;71;Canônico;6.6
Naruto Clássico;72;Canônico;8.8
Naruto Clássico;73;Filler;6.4
Naruto Clássico;74;Canônico;6.9
Naruto Clássico;75;Filler;5.2
Naruto Clássico;76;Canônico;8.3
Naruto Clássico;77;Canônico;7.8
Naruto Clássico;78;Filler;6.5
Naruto Clássico;79;Filler;5.8
Naruto Clássico;80;Filler;5.1
Naruto Clássico;81;Filler;5.9
Naruto Clássico;82;Filler;4.2
Naruto Clássico;83;Filler;8.0
Naruto Clássico;84;Filler;6.1
Naruto Clássico;85;Canônico;8.5
Naruto Clássico;86;Filler;4.2
Naruto Clássico;87;Canônico;6.9
Naruto Clássico;88;Canônico;8.5
Naruto Clássico;89;Filler;7.0
Naruto Clássico;90;Canônico;6.9
Naruto Clássico;91;Canônico;9.7
Naruto Clássico;92;Filler;7.0
Naruto Clássico;93;Canônico;7.9
Naruto Clássico;94;Filler;5.3
Naruto Clássico;95;Filler;6.9
Naruto Clássico;96;Canônico;7.2
Naruto Clássico;97;Canônico;8.6
Naruto Clássico;98;Filler;5.8
Naruto Clássico;99;Filler;5.3
Naruto Clássico;100;Canônico;7.8
Naruto Clássico;101;Canônico;8.2
Naruto Clássico;102;Canônico;8.4
Naruto Clássico;103;Canônico;8.5
Naruto Clássico;104;Canônico;7.4
Naruto Clássico;105;Canônico;6.9
Naruto Clássico;106;Canônico;9.0
Naruto Clássico;107;Canônico;7.9
Naruto Clássico;108;Filler;5.9
Naruto Clássico;109;Filler;4.4
Naruto Clássico;110;Canônico;8.3
Naruto Clássico;111;Canônico;9.8
Naruto Clássico;112;Canônico;7.7
Naruto Clássico;113;Canônico;7.3
Naruto Clássico;114;Filler;5.3
Naruto Clássico;115;Canônico;7.0
Naruto Clássico;116;Canônico;8.3
Naruto Clássico;117;Canônico;9.1
Naruto Clássico;118;Canônico;8.2
Naruto Clássico;119;Canônico;8.1
Naruto Clássico;120;Canônico;7.8
Naruto Clássico;121;Canônico;8.0
Naruto Clássico;122;Canônico;7.5
Naruto Clássico;123;Canônico;8.4
Naruto Clássico;124;Canônico;8.1
Naruto Clássico;125;Filler;6.3
Naruto Clássico;126;Filler;7.1
Naruto Clássico;127;Filler;6.9
Naruto Clássico;128;Canônico;9.1
Naruto Clássico;129;Filler;8.1
Naruto Clássico;130;Filler;6.4
Naruto Clássico;131;Canônico;8.0
Naruto Clássico;132;Filler;5.8
Naruto Clássico;133;Filler;5.3
Naruto Clássico;134;Canônico;6.5
Naruto Clássico;135;Filler;5.8
Naruto Clássico;136;Canônico;8.3
Naruto Clássico;137;Filler;5.3
Naruto Clássico;138;Filler;6.3
Naruto Clássico;139;Filler;5.1
Naruto Clássico;140;Canônico;8.1
Naruto Clássico;141;Filler;7.2
Naruto Clássico;142;Canônico;7.6
Naruto Clássico;143;Filler;6.6
Naruto Clássico;144;Canônico;7.0
Naruto Clássico;145;Filler;5.5
Naruto Clássico;146;Canônico;7.2
Naruto Clássico;147;Filler;5.0
Naruto Clássico;148;Canônico;7.0
Naruto Clássico;149;Canônico;7.7
Naruto Clássico;150;Canônico;8.2
Naruto Clássico;151;Canônico;7.7
Naruto Clássico;152;Filler;8.0
Naruto Clássico;153;Canônico;7.3
Naruto Clássico;154;Canônico;8.2
Naruto Clássico;155;Canônico;8.8
Naruto Clássico;156;Filler;6.8
Naruto Clássico;157;Filler;6.8
Naruto Clássico;158;Canônico;8.3
Naruto Clássico;159;Canônico;6.4
Naruto Clássico;160;Canônico;9.8
Naruto Clássico;161;Canônico;8.1
Naruto Clássico;162;Canônico;7.2
Naruto Clássico;163;Filler;5.1
Naruto Clássico;164;Filler;7.2
Naruto Clássico;165;Filler;5.6
Naruto Clássico;166;Canônico;7.5
Naruto Clássico;167;Canônico;9.1
Naruto Clássico;168;Canônico;9.2
Naruto Clássico;169;Filler;6.1
Naruto Clássico;170;Canônico;7.9
Naruto Clássico;171;Filler;5.7
Naruto Clássico;172;Canônico;8.5
Naruto Clássico;173;Canônico;8.6
Naruto Clássico;174;Canônico;7.7
Naruto Clássico;175;Filler;4.3
Naruto Clássico;176;Canônico;8.5
Naruto Clássico;177;Filler;4.4
Naruto Clássico;178;Filler;8.9
Naruto Clássico;179;Filler;5.8
Naruto Clássico;180;Filler;7.9
Naruto Clássico;181;Canônico;7.7
Naruto Clássico;182;Filler;5.4
Naruto Clássico;183;Filler;5.3
Naruto Clássico;184;Canônico;8.5
Naruto Clássico;185;Filler;7.2
Naruto Clássico;186;Filler;6.1
Naruto Clássico;187;Filler;6.0
Naruto Clássico;188;Canônico;9.4
Naruto Clássico;189;Filler;8.7
Naruto Clássico;190;Filler;5.6
Naruto Clássico;191;Filler;6.9
Naruto Clássico;192;Canônico;7.6
Naruto Clássico;193;Canônico;8.4
Naruto Clássico;194;Canônico;7.4
Naruto Clássico;195;Canônico;7.1
Naruto Clássico;196;Canônico;6.9
Naruto Clássico;197;Canônico;8.8
Naruto Clássico;198;Canônico;7.1
Naruto Clássico;199;Filler;5.5
Naruto Clássico;200;Filler;7.1
Naruto Clássico;201;Canônico;9.5
Naruto Clássico;202;Canônico;7.0
Naruto Clássico;203;Canônico;8.2
Naruto Clássico;204;Canônico;6.7
Naruto Clássico;205;Canônico;7.7
Naruto Clássico;206;Filler;5.9
Naruto Clássico;207;Canônico;6.5
Naruto Clássico;208;Canônico;8.1
Naruto Clássico;209;Canônico;7.9
Naruto Clássico;210;Canônico;7.1
Naruto Clássico;211;Filler;4.7
Naruto Clássico;212;Filler;5.3
Naruto Clássico;213;Filler;7.5
Naruto Clássico;214;Canônico;8.8
Naruto Clássico;215;Canônico;5.7
Naruto Clássico;216;Filler;5.4
Naruto Clássico;217;Canônico;7.6
Naruto Clássico;218;Canônico;7.8
Naruto Clássico;219;Canônico;9.7
Naruto Clássico;220;Canônico;7.1
Naruto Shippuden;1;Filler;5.9
Naruto Shippuden;2;Canônico;8.2
Naruto Shippuden;3;Filler;7.3
Naruto Shippuden;4;Filler;6.5
Naruto Shippuden;5;Filler;7.5
Naruto Shippuden;6;Canônico;7.8
Naruto Shippuden;7;Filler;5.4
Naruto Shippuden;8;Canônico;8.5
Naruto Shippuden;9;Filler;6.4
Naruto Shippuden;10;Filler;6.7
Naruto Shippuden;11;Canônico;7.6
Naruto Shippuden;12;Canônico;7.9
Naruto Shippuden;13;Canônico;6.6
Naruto Shippuden;14;Canônico;8.2
Naruto Shippuden;15;Filler;5.0
Naruto Shippuden;16;Canônico;8.4
Naruto Shippuden;17;Canônico;8.7
Naruto Shippuden;18;Canônico;7.6
Naruto Shippuden;19;Canônico;7.8
Naruto Shippuden;20;Canônico;8.5
Naruto Shippuden;21;Filler;4.9
Naruto Shippuden;22;Filler;5.7
Naruto Shippuden;23;Canônico;7.2
Naruto Shippuden;24;Canônico;7.8
Naruto Shippuden;25;Canônico;7.2
Naruto Shippuden;26;Filler;5.7
Naruto Shippuden;27;Canônico;7.7
Naruto Shippuden;28;Canônico;7.5
Naruto Shippuden;29;Canônico;9.4
Naruto Shippuden;30;Filler;6.8
Naruto Shippuden;31;Canônico;7.6
Naruto Shippuden;32;Canônico;7.0
Naruto Shippuden;33;Canônico;8.9
Naruto Shippuden;34;Canônico;8.0
Naruto Shippuden;35;Canônico;8.7
Naruto Shippuden;36;Canônico;7.1
Naruto Shippuden;37;Canônico;7.5
Naruto Shippuden;38;Canônico;8.6
Naruto Shippuden;39;Filler;5.4
Naruto Shippuden;40;Canônico;9.5
Naruto Shippuden;41;Filler;4.2
Naruto Shippuden;42;Canônico;7.9
Naruto Shippuden;43;Canônico;8.9
Naruto Shippuden;44;Canônico;9.7
Naruto Shippuden;45;Filler;5.5
Naruto Shippuden;46;Canônico;8.0
Naruto Shippuden;47;Canônico;7.3
Naruto Shippuden;48;Canônico;7.2
Naruto Shippuden;49;Filler;7.1
Naruto Shippuden;50;Canônico;8.1
Naruto Shippuden;51;Filler;6.1
Naruto Shippuden;52;Canônico;8.3
Naruto Shippuden;53;Canônico;9.0
Naruto Shippuden;54;Filler;7.0
Naruto Shippuden;55;Filler;6.9
Naruto Shippuden;56;Canônico;9.5
Naruto Shippuden;57;Canônico;8.2
Naruto Shippuden;58;Filler;6.0
Naruto Shippuden;59;Canônico;7.5
Naruto Shippuden;60;Canônico;6.4
Naruto Shippuden;61;Canônico;7.2
Naruto Shippuden;62;Canônico;6.8
Naruto Shippuden;63;Canônico;6.7
Naruto Shippuden;64;Canônico;8.1
Naruto Shippuden;65;Canônico;7.6
Naruto Shippuden;66;Canônico;8.0
Naruto Shippuden;67;Canônico;8.9
Naruto Shippuden;68;Canônico;8.6
Naruto Shippuden;69;Filler;5.5
Naruto Shippuden;70;Filler;6.3
Naruto Shippuden;71;Canônico;7.4
Naruto Shippuden;72;Canônico;9.1
Naruto Shippuden;73;Filler;7.6
Naruto Shippuden;74;Canônico;8.4
Naruto Shippuden;75;Filler;6.2
Naruto Shippuden;76;Canônico;9.3
Naruto Shippuden;77;Canônico;9.5
Naruto Shippuden;78;Canônico;8.1
Naruto Shippuden;79;Canônico;7.8
Naruto Shippuden;80;Filler;6.7
Naruto Shippuden;81;Filler;8.0
Naruto Shippuden;82;Filler;7.2
Naruto Shippuden;83;Filler;4.1
Naruto Shippuden;84;Canônico;7.2
Naruto Shippuden;85;Canônico;7.6
Naruto Shippuden;86;Filler;7.3
Naruto Shippuden;87;Filler;7.4
Naruto Shippuden;88;Canônico;7.5
Naruto Shippuden;89;Canônico;7.7
Naruto Shippuden;90;Canônico;7.5
Naruto Shippuden;91;Canônico;8.8
Naruto Shippuden;92;Canônico;8.5
Naruto Shippuden;93;Canônico;8.2
Naruto Shippuden;94;Canônico;9.2
Naruto Shippuden;95;Canônico;7.3
Naruto Shippuden;96;Filler;5.1
Naruto Shippuden;97;Filler;4.8
Naruto Shippuden;98;Canônico;8.7
Naruto Shippuden;99;Canônico;8.2
Naruto Shippuden;100;Filler;5.7
Naruto Shippuden;101;Canônico;9.2
Naruto Shippuden;102;Canônico;8.0
Naruto Shippuden;103;Canônico;7.5
Naruto Shippuden;104;Canônico;6.9
Naruto Shippuden;105;Canônico;7.9
Naruto Shippuden;106;Canônico;7.6
Naruto Shippuden;107;Canônico;6.8
Naruto Shippuden;108;Filler;6.6
Naruto Shippuden;109;Filler;7.1
Naruto Shippuden;110;Filler;6.0
Naruto Shippuden;111;Filler;6.9
Naruto Shippuden;112;Canônico;7.2
Naruto Shippuden;113;Canônico;8.8
Naruto Shippuden;114;Filler;7.9
Naruto Shippuden;115;Filler;6.8
Naruto Shippuden;116;Filler;4.0
Naruto Shippuden;117;Filler;7.0
Naruto Shippuden;118;Canônico;7.8
Naruto Shippuden;119;Filler;6.8
Naruto Shippuden;120;Filler;6.5
Naruto Shippuden;121;Canônico;8.8
Naruto Shippuden;122;Filler;7.3
Naruto Shippuden;123;Canônico;7.9
Naruto Shippuden;124;Filler;5.8
Naruto Shippuden;125;Filler;8.7
Naruto Shippuden;126;Filler;8.2
Naruto Shippuden;127;Filler;6.7
Naruto Shippuden;128;Canônico;8.7
Naruto Shippuden;129;Filler;4.9
Naruto Shippuden;130;Canônico;8.8
Naruto Shippuden;131;Canônico;9.0
Naruto Shippuden;132;Filler;5.4
Naruto Shippuden;133;Canônico;9.0
Naruto Shippuden;134;Canônico;7.4
Naruto Shippuden;135;Canônico;7.9
Naruto Shippuden;136;Filler;7.1
Naruto Shippuden;137;Canônico;8.4
Naruto Shippuden;138;Filler;6.2
Naruto Shippuden;139;Filler;6.5
Naruto Shippuden;140;Filler;5.7
Naruto Shippuden;141;Canônico;8.5
Naruto Shippuden;142;Filler;6.7
Naruto Shippuden;143;Canônico;8.3
Naruto Shippuden;144;Filler;7.4
Naruto Shippuden;145;Filler;7.3
Naruto Shippuden;146;Canônico;7.9
Naruto Shippuden;147;Canônico;8.7
Naruto Shippuden;148;Canônico;7.5
Naruto Shippuden;149;Filler;6.3
Naruto Shippuden;150;Filler;7.1
Naruto Shippuden;151;Filler;7.0
Naruto Shippuden;152;Filler;7.2
Naruto Shippuden;153;Filler;6.8
Naruto Shippuden;154;Filler;6.7
Naruto Shippuden;155;Filler;5.7
Naruto Shippuden;156;Canônico;7.0
Naruto Shippuden;157;Canônico;9.6
Naruto Shippuden;158;Canônico;9.6
Naruto Shippuden;159;Canônico;7.2
Naruto Shippuden;160;Canônico;8.9
Naruto Shippuden;161;Filler;7.4
Naruto Shippuden;162;Filler;7.5
Naruto Shippuden;163;Filler;7.0
Naruto Shippuden;164;Filler;5.7
Naruto Shippuden;165;Canônico;8.4
Naruto Shippuden;166;Filler;4.8
Naruto Shippuden;167;Canônico;8.2
Naruto Shippuden;168;Filler;5.3
Naruto Shippuden;169;Canônico;6.8
Naruto Shippuden;170;Canônico;6.9
Naruto Shippuden;171;Filler;5.9
Naruto Shippuden;172;Filler;6.5
Naruto Shippuden;173;Filler;6.2
Naruto Shippuden;174;Filler;5.6
Naruto Shippuden;175;Filler;6.8
Naruto Shippuden;176;Filler;4.3
Naruto Shippuden;177;Canônico;8.6
Naruto Shippuden;178;Filler;5.7
Naruto Shippuden;179;Canônico;7.0
Naruto Shippuden;180;Canônico;8.9
Naruto Shippuden;181;Canônico;7.1
Naruto Shippuden;182;Canônico;8.2
Naruto Shippuden;183;Canônico;9.3
Naruto Shippuden;184;Filler;5.8
Naruto Shippuden;185;Canônico;8.2
Naruto Shippuden;186;Canônico;8.5
Naruto Shippuden;187;Filler;4.9
Naruto Shippuden;188;Canônico;7.6
Naruto Shippuden;189;Canônico;9.5
Naruto Shippuden;190;Filler;5.5
Naruto Shippuden;191;Canônico;7.5
Naruto Shippuden;192;Canônico;8.5
Naruto Shippuden;193;Canônico;8.4
Naruto Shippuden;194;Canônico;8.4
Naruto Shippuden;195;Canônico;7.8
Naruto Shippuden;196;Canônico;9.0
Naruto Shippuden;197;Canônico;6.9
Naruto Shippuden;198;Filler;7.3
Naruto Shippuden;199;Canônico;8.1
Naruto Shippuden;200;Filler;6.2
Naruto Shippuden;201;Filler;5.1
Naruto Shippuden;202;Filler;5.8
Naruto Shippuden;203;Canônico;8.7
Naruto Shippuden;204;Filler;5.9
Naruto Shippuden;205;Canônico;7.4
Naruto Shippuden;206;Canônico;7.5
Naruto Shippuden;207;Canônico;6.5
Naruto Shippuden;208;Canônico;8.2
Naruto Shippuden;209;Filler;7.2
Naruto Shippuden;210;Filler;6.4
Naruto Shippuden;211;Canônico;8.6
Naruto Shippuden;212;Filler;6.8
Naruto Shippuden;213;Filler;5.1
Naruto Shippuden;214;Canônico;7.4
Naruto Shippuden;215;Canônico;8.0
Naruto Shippuden;216;Canônico;8.8
Naruto Shippuden;217;Canônico;8.6
Naruto Shippuden;218;Canônico;5.8
Naruto Shippuden;219;Canônico;8.3
Naruto Shippuden;220;Filler;7.3
Naruto Shippuden;221;Filler;8.0
Naruto Shippuden;222;Filler;7.5
Naruto Shippuden;223;Canônico;6.7
Naruto Shippuden;224;Canônico;7.0
Naruto Shippuden;225;Canônico;7.4
Naruto Shippuden;226;Canônico;7.0
Naruto Shippuden;227;Filler;6.3
Naruto Shippuden;228;Canônico;8.5
Naruto Shippuden;229;Filler;4.9
Naruto Shippuden;230;Canônico;6.3
Naruto Shippuden;231;Canônico;7.8
Naruto Shippuden;232;Canônico;8.5
Naruto Shippuden;233;Canônico;6.9
Naruto Shippuden;234;Canônico;7.6
Naruto Shippuden;235;Filler;6.2
Naruto Shippuden;236;Canônico;7.8
Naruto Shippuden;237;Filler;6.0
Naruto Shippuden;238;Canônico;7.6
Naruto Shippuden;239;Filler;7.0
Naruto Shippuden;240;Filler;7.0
Naruto Shippuden;241;Canônico;8.6
Naruto Shippuden;242;Canônico;6.7
Naruto Shippuden;243;Filler;6.0
Naruto Shippuden;244;Canônico;6.8
Naruto Shippuden;245;Canônico;8.7
Naruto Shippuden;246;Filler;7.5
Naruto Shippuden;247;Canônico;8.0
Naruto Shippuden;248;Canônico;7.8
Naruto Shippuden;249;Canônico;8.5
Naruto Shippuden;250;Canônico;7.5
Naruto Shippuden;251;Canônico;6.6
Naruto Shippuden;252;Filler;6.1
Naruto Shippuden;253;Filler;6.3
Naruto Shippuden;254;Canônico;9.4
Naruto Shippuden;255;Filler;7.9
Naruto Shippuden;256;Filler;4.9
Naruto Shippuden;257;Canônico;7.6
Naruto Shippuden;258;Canônico;6.7
Naruto Shippuden;259;Canônico;9.3
Naruto Shippuden;260;Filler;6.8
Naruto Shippuden;261;Filler;5.5
Naruto Shippuden;262;Filler;6.4
Naruto Shippuden;263;Filler;6.1
Naruto Shippuden;264;Canônico;9.1
Naruto Shippuden;265;Canônico;7.2
Naruto Shippuden;266;Canônico;9.2
Naruto Shippuden;267;Filler;5.2
Naruto Shippuden;268;Canônico;7.3
Naruto Shippuden;269;Filler;6.5
Naruto Shippuden;270;Filler;8.0
Naruto Shippuden;271;Canônico;6.5
Naruto Shippuden;272;Canônico;8.4
Naruto Shippuden;273;Filler;6.2
Naruto Shippuden;274;Canônico;7.9
Naruto Shippuden;275;Filler;6.7
Naruto Shippuden;276;Canônico;9.7
Naruto Shippuden;277;Canônico;8.3
Naruto Shippuden;278;Filler;5.7
Naruto Shippuden;279;Filler;4.8
Naruto Shippuden;280;Canônico;8.5
Naruto Shippuden;281;Canônico;6.7
Naruto Shippuden;282;Canônico;8.3
Naruto Shippuden;283;Filler;6.3
Naruto Shippuden;284;Canônico;8.8
Naruto Shippuden;285;Filler;6.1
Naruto Shippuden;286;Canônico;7.0
Naruto Shippuden;287;Canônico;8.2
Naruto Shippuden;288;Filler;5.8
Naruto Shippuden;289;Filler;6.2
Naruto Shippuden;290;Canônico;7.2
Naruto Shippuden;291;Filler;6.9
Naruto Shippuden;292;Canônico;6.1
Naruto Shippuden;293;Filler;5.8
Naruto Shippuden;294;Filler;7.0
Naruto Shippuden;295;Canônico;8.7
Naruto Shippuden;296;Filler;5.4
Naruto Shippuden;297;Canônico;8.2
Naruto Shippuden;298;Filler;5.8
Naruto Shippuden;299;Filler;6.3
Naruto Shippuden;300;Filler;4.4
Naruto Shippuden;301;Filler;4.7
Naruto Shippuden;302;Canônico;6.7
Naruto Shippuden;303;Canônico;7.6
Naruto Shippuden;304;Canônico;9.5
Naruto Shippuden;305;Filler;4.9
Naruto Shippuden;306;Filler;5.5
Naruto Shippuden;307;Canônico;7.6
Naruto Shippuden;308;Canônico;8.3
Naruto Shippuden;309;Canônico;6.1
Naruto Shippuden;310;Canônico;6.4
Naruto Shippuden;311;Filler;6.0
Naruto Shippuden;312;Canônico;7.7
Naruto Shippuden;313;Canônico;7.8
Naruto Shippuden;314;Filler;7.1
Naruto Shippuden;315;Canônico;9.3
Naruto Shippuden;316;Canônico;7.8
Naruto Shippuden;317;Filler;6.0
Naruto Shippuden;318;Filler;5.7
Naruto Shippuden;319;Filler;5.6
Naruto Shippuden;320;Canônico;9.4
Naruto Shippuden;321;Filler;7.7
Naruto Shippuden;322;Canônico;8.5
Naruto Shippuden;323;Filler;6.1
Naruto Shippuden;324;Canônico;7.4
Naruto Shippuden;325;Filler;6.3
Naruto Shippuden;326;Canônico;6.8
Naruto Shippuden;327;Filler;6.7
Naruto Shippuden;328;Filler;4.8
Naruto Shippuden;329;Filler;7.1
Naruto Shippuden;330;Canônico;7.3
Naruto Shippuden;331;Filler;7.1
Naruto Shippuden;332;Filler;5.7
Naruto Shippuden;333;Canônico;6.1
Naruto Shippuden;334;Canônico;8.6
Naruto Shippuden;335;Filler;6.3
Naruto Shippuden;336;Filler;4.9
Naruto Shippuden;337;Filler;5.5
Naruto Shippuden;338;Filler;6.4
Naruto Shippuden;339;Canônico;8.4
Naruto Shippuden;340;Filler;4.2
Naruto Shippuden;341;Filler;5.0
Naruto Shippuden;342;Canônico;8.6
Naruto Shippuden;343;Canônico;7.9
Naruto Shippuden;344;Canônico;8.3
Naruto Shippuden;345;Filler;5.4
Naruto Shippuden;346;Canônico;7.6
Naruto Shippuden;347;Filler;6.7
Naruto Shippuden;348;Canônico;8.6
Naruto Shippuden;349;Canônico;6.7
Naruto Shippuden;350;Canônico;8.5
Naruto Shippuden;351;Canônico;7.8
Naruto Shippuden;352;Canônico;8.5
Naruto Shippuden;353;Canônico;6.2
Naruto Shippuden;354;Canônico;6.8
Naruto Shippuden;355;Filler;7.3
Naruto Shippuden;356;Filler;7.8
Naruto Shippuden;357;Canônico;8.4
Naruto Shippuden;358;Filler;5.1
Naruto Shippuden;359;Filler;6.8
Naruto Shippuden;360;Filler;7.9
Naruto Shippuden;361;Filler;7.6
Naruto Shippuden;362;Canônico;5.9
Naruto Shippuden;363;Filler;7.6
Naruto Shippuden;364;Filler;7.0
Naruto Shippuden;365;Canônico;6.3
Naruto Shippuden;366;Canônico;9.0
Naruto Shippuden;367;Canônico;8.5
Naruto Shippuden;368;Canônico;8.2
Naruto Shippuden;369;Canônico;7.5
Naruto Shippuden;370;Canônico;7.0
Naruto Shippuden;371;Filler;4.4
Naruto Shippuden;372;Filler;5.9
Naruto Shippuden;373;Filler;5.8
Naruto Shippuden;374;Canônico;9.1
Naruto Shippuden;375;Filler;5.4
Naruto Shippuden;376;Canônico;7.2
Naruto Shippuden;377;Canônico;8.4
Naruto Shippuden;378;Filler;5.6
Naruto Shippuden;379;Filler;5.8
Naruto Shippuden;380;Canônico;7.8
Naruto Shippuden;381;Canônico;8.4
Naruto Shippuden;382;Canônico;8.2
Naruto Shippuden;383;Filler;5.1
Naruto Shippuden;384;Canônico;8.4
Naruto Shippuden;385;Filler;5.8
Naruto Shippuden;386;Canônico;8.6
Naruto Shippuden;387;Canônico;8.9
Naruto Shippuden;388;Filler;5.6
Naruto Shippuden;389;Filler;6.3
Naruto Shippuden;390;Filler;3.6
Naruto Shippuden;391;Canônico;7.5
Naruto Shippuden;392;Canônico;7.8
Naruto Shippuden;393;Canônico;8.7
Naruto Shippuden;394;Canônico;8.1
Naruto Shippuden;395;Canônico;6.2
Naruto Shippuden;396;Canônico;9.8
Naruto Shippuden;397;Canônico;9.0
Naruto Shippuden;398;Canônico;7.4
Naruto Shippuden;399;Canônico;6.6
Naruto Shippuden;400;Canônico;8.3
Naruto Shippuden;401;Filler;7.2
Naruto Shippuden;402;Filler;6.0
Naruto Shippuden;403;Canônico;7.6
Naruto Shippuden;404;Canônico;7.5
Naruto Shippuden;405;Canônico;8.4
Naruto Shippuden;406;Canônico;8.7
Naruto Shippuden;407;Canônico;7.2
Naruto Shippuden;408;Filler;5.5
Naruto Shippuden;409;Filler;4.7
Naruto Shippuden;410;Canônico;8.8
Naruto Shippuden;411;Canônico;6.4
Naruto Shippuden;412;Canônico;7.6
Naruto Shippuden;413;Canônico;8.2
Naruto Shippuden;414;Canônico;6.9
Naruto Shippuden;415;Canônico;8.5
Naruto Shippuden;416;Canônico;8.3
Naruto Shippuden;417;Canônico;8.2
Naruto Shippuden;418;Canônico;8.2
Naruto Shippuden;419;Filler;6.0
Naruto Shippuden;420;Filler;6.0
Naruto Shippuden;421;Canônico;8.2
Naruto Shippuden;422;Canônico;8.7
Naruto Shippuden;423;Filler;6.8
Naruto Shippuden;424;Canônico;9.1
Naruto Shippuden;425;Canônico;6.9
Naruto Shippuden;426;Canônico;9.0
Naruto Shippuden;427;Canônico;6.7
Naruto Shippuden;428;Canônico;7.0
Naruto Shippuden;429;Canônico;8.1
Naruto Shippuden;430;Filler;5.7
Naruto Shippuden;431;Canônico;9.1
Naruto Shippuden;432;Canônico;7.4
Naruto Shippuden;433;Filler;6.3
Naruto Shippuden;434;Canônico;7.6
Naruto Shippuden;435;Canônico;9.1
Naruto Shippuden;436;Filler;6.2
Naruto Shippuden;437;Filler;5.2
Naruto Shippuden;438;Canônico;6.5
Naruto Shippuden;439;Filler;5.6
Naruto Shippuden;440;Canônico;7.6
Naruto Shippuden;441;Filler;5.0
Naruto Shippuden;442;Filler;7.3
Naruto Shippuden;443;Filler;8.0
Naruto Shippuden;444;Canônico;7.2
Naruto Shippuden;445;Filler;5.6
Naruto Shippuden;446;Canônico;8.2
Naruto Shippuden;447;Canônico;8.3
Naruto Shippuden;448;Canônico;9.0
Naruto Shippuden;449;Filler;5.6
Naruto Shippuden;450;Canônico;8.2
Naruto Shippuden;451;Filler;6.8
Naruto Shippuden;452;Canônico;7.6
Naruto Shippuden;453;Canônico;7.1
Naruto Shippuden;454;Filler;7.3
Naruto Shippuden;455;Canônico;8.4
Naruto Shippuden;456;Filler;6.2
Naruto Shippuden;457;Canônico;8.7
Naruto Shippuden;458;Canônico;8.5
Naruto Shippuden;459;Canônico;7.9
Naruto Shippuden;460;Canônico;8.4
Naruto Shippuden;461;Canônico;8.7
Naruto Shippuden;462;Canônico;6.3
Naruto Shippuden;463;Canônico;7.8
Naruto Shippuden;464;Canônico;8.2
Naruto Shippuden;465;Filler;5.3
Naruto Shippuden;466;Filler;6.3
Naruto Shippuden;467;Canônico;9.2
Naruto Shippuden;468;Canônico;6.9
Naruto Shippuden;469;Filler;5.0
Naruto Shippuden;470;Canônico;8.4
Naruto Shippuden;471;Filler;6.6
Naruto Shippuden;472;Canônico;7.9
Naruto Shippuden;473;Canônico;8.2
Naruto Shippuden;474;Canônico;7.8
Naruto Shippuden;475;Canônico;7.7
Naruto Shippuden;476;Filler;6.9
Naruto Shippuden;477;Canônico;7.5
Naruto Shippuden;478;Filler;6.6
Naruto Shippuden;479;Filler;5.8
Naruto Shippuden;480;Canônico;7.1
Naruto Shippuden;481;Canônico;7.3
Naruto Shippuden;482;Canônico;7.0
Naruto Shippuden;483;Filler;5.9
Naruto Shippuden;484;Canônico;7.9
Naruto Shippuden;485;Canônico;8.3
Naruto Shippuden;486;Canônico;7.6
Naruto Shippuden;487;Canônico;8.3
Naruto Shippuden;488;Filler;5.9
Naruto Shippuden;489;Canônico;7.8
Naruto Shippuden;490;Canônico;7.5
Naruto Shippuden;491;Filler;6.7
Naruto Shippuden;492;Canônico;7.2
Naruto Shippuden;493;Canônico;8.2
Naruto Shippuden;494;Canônico;8.6
Naruto Shippuden;495;Canônico;8.0
Naruto Shippuden;496;Canônico;8.0
Naruto Shippuden;497;Canônico;8.5
Naruto Shippuden;498;Filler;4.8
Naruto Shippuden;499;Canônico;8.2
Naruto Shippuden;500;Canônico;8.4
One Piece;1;Filler;6.9
One Piece;2;Canônico;7.4
One Piece;3;Canônico;9.1
One Piece;4;Canônico;7.0
One Piece;5;Canônico;8.9
One Piece;6;Filler;7.0
One Piece;7;Canônico;6.5
One Piece;8;Canônico;8.2
One Piece;9;Canônico;7.5
One Piece;10;Canônico;9.0
One Piece;11;Canônico;6.6
One Piece;12;Canônico;7.4
One Piece;13;Canônico;8.5
One Piece;14;Filler;7.0
One Piece;15;Canônico;8.0
One Piece;16;Canônico;8.1
One Piece;17;Canônico;6.4
One Piece;18;Canônico;7.5
One Piece;19;Canônico;6.5
One Piece;20;Canônico;7.8
One Piece;21;Filler;7.4
One Piece;22;Canônico;6.7
One Piece;23;Canônico;8.5
One Piece;24;Canônico;7.1
One Piece;25;Canônico;8.8
One Piece;26;Canônico;8.0
One Piece;27;Canônico;8.7
One Piece;28;Canônico;7.4
One Piece;29;Canônico;7.4
One Piece;30;Canônico;8.3
One Piece;31;Canônico;8.0
One Piece;32;Filler;6.8
One Piece;33;Canônico;7.9
One Piece;34;Canônico;7.5
One Piece;35;Canônico;8.7
One Piece;36;Canônico;7.8
One Piece;37;Canônico;8.8
One Piece;38;Canônico;6.5
One Piece;39;Canônico;7.0
One Piece;40;Canônico;8.1
One Piece;41;Filler;7.7
One Piece;42;Canônico;8.1
One Piece;43;Canônico;8.2
One Piece;44;Canônico;8.8
One Piece;45;Canônico;7.0
One Piece;46;Canônico;8.8
One Piece;47;Filler;4.9
One Piece;48;Canônico;6.5
One Piece;49;Canônico;7.0
One Piece;50;Canônico;6.4
One Piece;51;Canônico;8.0
One Piece;52;Canônico;6.9
One Piece;53;Canônico;6.6
One Piece;54;Canônico;8.4
One Piece;55;Filler;6.0
One Piece;56;Canônico;7.4
One Piece;57;Canônico;7.4
One Piece;58;Filler;5.5
One Piece;59;Canônico;8.1
One Piece;60;Canônico;7.5
One Piece;61;Canônico;6.8
One Piece;62;Canônico;6.8
One Piece;63;Canônico;8.1
One Piece;64;Canônico;8.9
One Piece;65;Canônico;8.7
One Piece;66;Canônico;7.8
One Piece;67;Canônico;7.0
One Piece;68;Canônico;7.3
One Piece;69;Canônico;8.2
One Piece;70;Canônico;8.4
One Piece;71;Canônico;7.9
One Piece;72;Canônico;8.1
One Piece;73;Canônico;7.7
One Piece;74;Canônico;6.8
One Piece;75;Canônico;7.8
One Piece;76;Filler;7.6
One Piece;77;Canônico;10.0
One Piece;78;Canônico;7.2
One Piece;79;Canônico;7.0
One Piece;80;Canônico;8.0
One Piece;81;Canônico;7.7
One Piece;82;Canônico;7.5
One Piece;83;Canônico;7.4
One Piece;84;Canônico;8.2
One Piece;85;Canônico;7.0
One Piece;86;Canônico;7.8
One Piece;87;Canônico;6.6
One Piece;88;Canônico;9.0
One Piece;89;Canônico;7.5
One Piece;90;Canônico;7.1
One Piece;91;Canônico;8.2
One Piece;92;Canônico;8.4
One Piece;93;Canônico;8.1
One Piece;94;Canônico;9.2
One Piece;95;Canônico;8.7
One Piece;96;Canônico;7.6
One Piece;97;Filler;7.2
One Piece;98;Canônico;7.7
One Piece;99;Canônico;6.7
One Piece;100;Canônico;7.8
One Piece;101;Canônico;8.3
One Piece;102;Canônico;8.3
One Piece;103;Canônico;8.7
One Piece;104;Canônico;7.7
One Piece;105;Canônico;7.7
One Piece;106;Canônico;8.2
One Piece;107;Canônico;8.6
One Piece;108;Canônico;7.9
One Piece;109;Filler;4.9
One Piece;110;Canônico;7.2
One Piece;111;Canônico;7.1
One Piece;112;Filler;7.1
One Piece;113;Canônico;7.5
One Piece;114;Canônico;8.3
One Piece;115;Canônico;8.1
One Piece;116;Canônico;6.7
One Piece;117;Canônico;7.6
One Piece;118;Canônico;7.5
One Piece;119;Canônico;7.0
One Piece;120;Canônico;8.7
One Piece;121;Canônico;8.3
One Piece;122;Filler;6.1
One Piece;123;Canônico;6.9
One Piece;124;Canônico;7.8
One Piece;125;Canônico;8.2
One Piece;126;Canônico;9.3
One Piece;127;Canônico;7.8
One Piece;128;Canônico;7.9
One Piece;129;Canônico;7.4
One Piece;130;Canônico;7.5
One Piece;131;Canônico;6.6
One Piece;132;Canônico;9.4
One Piece;133;Canônico;8.5
One Piece;134;Canônico;7.5
One Piece;135;Canônico;8.1
One Piece;136;Canônico;7.8
One Piece;137;Canônico;8.0
One Piece;138;Canônico;8.5
One Piece;139;Canônico;8.7
One Piece;140;Canônico;8.5
One Piece;141;Canônico;7.5
One Piece;142;Canônico;6.6
One Piece;143;Canônico;7.9
One Piece;144;Canônico;8.4
One Piece;145;Canônico;7.0
One Piece;146;Filler;4.3
One Piece;147;Canônico;7.6
One Piece;148;Canônico;8.2
One Piece;149;Canônico;10.0
One Piece;150;Canônico;8.2
One Piece;151;Canônico;7.5
One Piece;152;Filler;7.3
One Piece;153;Canônico;7.9
One Piece;154;Canônico;7.9
One Piece;155;Canônico;8.7
One Piece;156;Filler;6.6
One Piece;157;Canônico;6.5
One Piece;158;Canônico;8.4
One Piece;159;Canônico;7.5
One Piece;160;Canônico;8.0
One Piece;161;Canônico;8.0
One Piece;162;Canônico;7.2
One Piece;163;Canônico;8.7
One Piece;164;Canônico;6.6
One Piece;165;Canônico;8.5
One Piece;166;Canônico;8.3
One Piece;167;Filler;5.5
One Piece;168;Filler;8.0
One Piece;169;Filler;6.3
One Piece;170;Canônico;8.7
One Piece;171;Canônico;8.7
One Piece;172;Canônico;8.0
One Piece;173;Canônico;7.3
One Piece;174;Canônico;7.1
One Piece;175;Canônico;8.0
One Piece;176;Canônico;7.3
One Piece;177;Canônico;7.3
One Piece;178;Canônico;7.6
One Piece;179;Canônico;8.4
One Piece;180;Canônico;8.8
One Piece;181;Canônico;7.3
One Piece;182;Canônico;7.9
One Piece;183;Canônico;7.4
One Piece;184;Canônico;6.9
One Piece;185;Canônico;8.6
One Piece;186;Canônico;7.7
One Piece;187;Canônico;7.3
One Piece;188;Canônico;8.1
One Piece;189;Canônico;10.0
One Piece;190;Canônico;8.3
One Piece;191;Filler;6.4
One Piece;192;Canônico;7.1
One Piece;193;Canônico;8.3
One Piece;194;Canônico;8.2
One Piece;195;Canônico;7.9
One Piece;196;Canônico;8.2
One Piece;197;Canônico;8.5
One Piece;198;Canônico;7.9
One Piece;199;Canônico;7.6
One Piece;200;Canônico;8.1
One Piece;201;Canônico;8.3
One Piece;202;Canônico;6.3
One Piece;203;Canônico;8.3
One Piece;204;Canônico;9.2
One Piece;205;Canônico;8.9
One Piece;206;Filler;6.9
One Piece;207;Canônico;8.1
One Piece;208;Canônico;8.7
One Piece;209;Filler;6.1
One Piece;210;Canônico;8.5
One Piece;211;Canônico;7.8
One Piece;212;Filler;6.9
One Piece;213;Canônico;8.1
One Piece;214;Canônico;8.8
One Piece;215;Canônico;8.1
One Piece;216;Canônico;8.1
One Piece;217;Canônico;7.6
One Piece;218;Canônico;6.3
One Piece;219;Filler;5.5
One Piece;220;Canônico;7.8
One Piece;221;Canônico;7.8
One Piece;222;Canônico;7.0
One Piece;223;Canônico;9.2
One Piece;224;Canônico;7.6
One Piece;225;Filler;7.7
One Piece;226;Canônico;8.4
One Piece;227;Canônico;7.9
One Piece;228;Canônico;8.4
One Piece;229;Canônico;7.5
One Piece;230;Canônico;7.9
One Piece;231;Canônico;8.3
One Piece;232;Canônico;7.9
One Piece;233;Canônico;6.8
One Piece;234;Filler;7.0
One Piece;235;Canônico;7.7
One Piece;236;Canônico;7.5
One Piece;237;Canônico;6.8
One Piece;238;Canônico;8.2
One Piece;239;Canônico;9.3
One Piece;240;Canônico;7.9
One Piece;241;Canônico;7.0
One Piece;242;Filler;4.7
One Piece;243;Canônico;8.4
One Piece;244;Filler;6.5
One Piece;245;Canônico;7.0
One Piece;246;Canônico;7.8
One Piece;247;Canônico;8.3
One Piece;248;Canônico;8.2
One Piece;249;Canônico;8.4
One Piece;250;Filler;7.1
One Piece;251;Canônico;7.5
One Piece;252;Canônico;7.2
One Piece;253;Canônico;8.0
One Piece;254;Canônico;6.8
One Piece;255;Canônico;7.2
One Piece;256;Canônico;6.5
One Piece;257;Canônico;8.1
One Piece;258;Canônico;7.0
One Piece;259;Canônico;8.4
One Piece;260;Canônico;7.8
One Piece;261;Filler;5.6
One Piece;262;Canônico;8.1
One Piece;263;Filler;7.0
One Piece;264;Canônico;7.1
One Piece;265;Filler;5.4
One Piece;266;Canônico;6.5
One Piece;267;Canônico;8.6
One Piece;268;Canônico;6.8
One Piece;269;Canônico;8.2
One Piece;270;Canônico;7.3
One Piece;271;Canônico;7.9
One Piece;272;Canônico;7.7
One Piece;273;Canônico;6.6
One Piece;274;Canônico;7.3
One Piece;275;Canônico;7.6
One Piece;276;Canônico;8.1
One Piece;277;Canônico;8.5
One Piece;278;Canônico;8.6
One Piece;279;Canônico;8.3
One Piece;280;Canônico;9.3
One Piece;281;Canônico;7.1
One Piece;282;Canônico;7.0
One Piece;283;Canônico;7.4
One Piece;284;Canônico;8.6
One Piece;285;Canônico;8.0
One Piece;286;Canônico;8.7
One Piece;287;Canônico;7.5
One Piece;288;Canônico;8.3
One Piece;289;Canônico;7.4
One Piece;290;Canônico;7.4
One Piece;291;Canônico;8.2
One Piece;292;Filler;5.6
One Piece;293;Canônico;7.0
One Piece;294;Filler;4.5
One Piece;295;Canônico;6.8
One Piece;296;Canônico;9.2
One Piece;297;Canônico;8.2
One Piece;298;Canônico;7.0
One Piece;299;Canônico;9.9
One Piece;300;Canônico;7.8
One Piece;301;Canônico;9.3
One Piece;302;Canônico;9.4
One Piece;303;Canônico;7.3
One Piece;304;Canônico;7.5
One Piece;305;Canônico;8.1
One Piece;306;Canônico;8.7
One Piece;307;Canônico;7.4
One Piece;308;Canônico;8.7
One Piece;309;Canônico;8.5
One Piece;310;Filler;4.5
One Piece;311;Canônico;7.7
One Piece;312;Canônico;8.9
One Piece;313;Canônico;7.3
One Piece;314;Canônico;8.5
One Piece;315;Canônico;8.1
One Piece;316;Canônico;7.0
One Piece;317;Canônico;7.9
One Piece;318;Canônico;7.3
One Piece;319;Canônico;8.2
One Piece;320;Canônico;7.2
One Piece;321;Canônico;7.0
One Piece;322;Canônico;7.1
One Piece;323;Canônico;8.1
One Piece;324;Canônico;6.0
One Piece;325;Canônico;7.5
One Piece;326;Canônico;7.9
One Piece;327;Canônico;7.0
One Piece;328;Canônico;8.2
One Piece;329;Canônico;6.8
One Piece;330;Canônico;7.0
One Piece;331;Canônico;8.0
One Piece;332;Canônico;8.5
One Piece;333;Canônico;10.0
One Piece;334;Canônico;7.4
One Piece;335;Canônico;7.4
One Piece;336;Canônico;6.9
One Piece;337;Canônico;8.4
One Piece;338;Canônico;8.0
One Piece;339;Canônico;6.5
One Piece;340;Canônico;7.5
One Piece;341;Canônico;6.8
One Piece;342;Filler;6.2
One Piece;343;Canônico;8.0
One Piece;344;Canônico;6.7
One Piece;345;Canônico;8.8
One Piece;346;Canônico;6.6
One Piece;347;Canônico;8.1
One Piece;348;Canônico;7.9
One Piece;349;Filler;5.8
One Piece;350;Canônico;8.4
One Piece;351;Filler;6.6
One Piece;352;Canônico;7.8
One Piece;353;Canônico;8.5
One Piece;354;Canônico;6.6
One Piece;355;Canônico;7.2
One Piece;356;Canônico;7.7
One Piece;357;Canônico;8.0
One Piece;358;Canônico;7.5
One Piece;359;Filler;6.6
One Piece;360;Canônico;8.5
One Piece;361;Canônico;8.3
One Piece;362;Canônico;8.5
One Piece;363;Canônico;9.2
One Piece;364;Canônico;8.7
One Piece;365;Canônico;6.5
One Piece;366;Canônico;9.3
One Piece;367;Canônico;7.5
One Piece;368;Canônico;7.8
One Piece;369;Canônico;8.0
One Piece;370;Canônico;7.7
One Piece;371;Canônico;8.0
One Piece;372;Canônico;8.8
One Piece;373;Canônico;7.9
One Piece;374;Canônico;8.3
One Piece;375;Filler;6.8
One Piece;376;Canônico;8.5
One Piece;377;Canônico;9.3
One Piece;378;Canônico;7.6
One Piece;379;Canônico;7.1
One Piece;380;Filler;7.2
One Piece;381;Canônico;7.2
One Piece;382;Canônico;8.2
One Piece;383;Canônico;8.0
One Piece;384;Canônico;7.3
One Piece;385;Canônico;6.7
One Piece;386;Canônico;7.5
One Piece;387;Canônico;6.8
One Piece;388;Canônico;8.2
One Piece;389;Canônico;9.4
One Piece;390;Canônico;6.0
One Piece;391;Canônico;7.8
One Piece;392;Canônico;8.0
One Piece;393;Canônico;7.6
One Piece;394;Canônico;8.2
One Piece;395;Canônico;7.5
One Piece;396;Canônico;9.6
One Piece;397;Canônico;8.1
One Piece;398;Canônico;8.6
One Piece;399;Canônico;7.7
One Piece;400;Canônico;7.2
One Piece;401;Canônico;9.7
One Piece;402;Canônico;8.2
One Piece;403;Canônico;7.3
One Piece;404;Canônico;7.2
One Piece;405;Canônico;8.6
One Piece;406;Canônico;9.2
One Piece;407;Canônico;9.3
One Piece;408;Canônico;7.9
One Piece;409;Canônico;8.1
One Piece;410;Canônico;8.5
One Piece;411;Canônico;7.5
One Piece;412;Canônico;8.7
One Piece;413;Filler;6.2
One Piece;414;Canônico;6.6
One Piece;415;Canônico;9.6
One Piece;416;Canônico;8.5
One Piece;417;Canônico;7.8
One Piece;418;Canônico;7.4
One Piece;419;Canônico;8.1
One Piece;420;Canônico;8.7
One Piece;421;Canônico;7.8
One Piece;422;Canônico;8.7
One Piece;423;Canônico;8.2
One Piece;424;Canônico;8.4
One Piece;425;Canônico;8.1
One Piece;426;Canônico;6.3
One Piece;427;Canônico;7.3
One Piece;428;Filler;4.9
One Piece;429;Canônico;7.6
One Piece;430;Canônico;8.0
One Piece;431;Canônico;8.1
One Piece;432;Canônico;8.4
One Piece;433;Canônico;7.3
One Piece;434;Canônico;8.1
One Piece;435;Canônico;9.1
One Piece;436;Canônico;7.5
One Piece;437;Canônico;9.9
One Piece;438;Canônico;6.1
One Piece;439;Filler;7.5
One Piece;440;Canônico;7.5
One Piece;441;Canônico;6.8
One Piece;442;Canônico;7.9
One Piece;443;Canônico;8.2
One Piece;444;Canônico;8.1
One Piece;445;Canônico;7.1
One Piece;446;Canônico;7.3
One Piece;447;Filler;4.5
One Piece;448;Canônico;8.7
One Piece;449;Canônico;8.1
One Piece;450;Canônico;8.0
One Piece;451;Canônico;6.9
One Piece;452;Canônico;7.8
One Piece;453;Filler;5.3
One Piece;454;Canônico;9.0
One Piece;455;Canônico;9.0
One Piece;456;Canônico;6.5
One Piece;457;Canônico;7.9
One Piece;458;Canônico;7.8
One Piece;459;Canônico;9.1
One Piece;460;Canônico;8.2
One Piece;461;Canônico;7.9
One Piece;462;Canônico;8.6
One Piece;463;Canônico;8.4
One Piece;464;Canônico;8.5
One Piece;465;Canônico;8.0
One Piece;466;Canônico;7.8
One Piece;467;Canônico;7.8
One Piece;468;Filler;4.0
One Piece;469;Canônico;8.0
One Piece;470;Canônico;8.1
One Piece;471;Canônico;8.0
One Piece;472;Filler;5.6
One Piece;473;Canônico;7.1
One Piece;474;Canônico;6.9
One Piece;475;Canônico;8.2
One Piece;476;Canônico;7.5
One Piece;477;Canônico;9.1
One Piece;478;Canônico;8.0
One Piece;479;Canônico;8.7
One Piece;480;Canônico;8.3
One Piece;481;Canônico;7.3
One Piece;482;Canônico;7.3
One Piece;483;Canônico;7.0
One Piece;484;Canônico;8.7
One Piece;485;Canônico;8.6
One Piece;486;Canônico;9.2
One Piece;487;Canônico;7.4
One Piece;488;Canônico;8.3
One Piece;489;Filler;5.6
One Piece;490;Filler;7.4
One Piece;491;Canônico;9.1
One Piece;492;Canônico;7.5
One Piece;493;Canônico;6.5
One Piece;494;Canônico;7.8
One Piece;495;Filler;6.8
One Piece;496;Canônico;7.8
One Piece;497;Canônico;7.5
One Piece;498;Canônico;7.4
One Piece;499;Canônico;6.7
One Piece;500;Filler;7.9
One Piece;501;Canônico;8.8
One Piece;502;Canônico;8.7
One Piece;503;Canônico;7.1
One Piece;504;Canônico;6.9
One Piece;505;Filler;7.1
One Piece;506;Filler;6.9
One Piece;507;Canônico;8.2
One Piece;508;Canônico;7.9
One Piece;509;Canônico;9.4
One Piece;510;Canônico;8.0
One Piece;511;Canônico;8.4
One Piece;512;Canônico;7.5
One Piece;513;Canônico;7.9
One Piece;514;Filler;5.6
One Piece;515;Canônico;8.3
One Piece;516;Canônico;7.9
One Piece;517;Canônico;7.9
One Piece;518;Canônico;8.1
One Piece;519;Canônico;7.6
One Piece;520;Canônico;8.5
One Piece;521;Canônico;7.6
One Piece;522;Canônico;8.7
One Piece;523;Canônico;7.5
One Piece;524;Canônico;8.3
One Piece;525;Canônico;8.0
One Piece;526;Canônico;9.6
One Piece;527;Canônico;7.4
One Piece;528;Canônico;6.7
One Piece;529;Canônico;8.3
One Piece;530;Canônico;7.6
One Piece;531;Canônico;8.4
One Piece;532;Canônico;8.7
One Piece;533;Canônico;7.0
One Piece;534;Canônico;7.9
One Piece;535;Canônico;9.8
One Piece;536;Canônico;7.5
One Piece;537;Canônico;7.5
One Piece;538;Canônico;7.8
One Piece;539;Canônico;8.6
One Piece;540;Canônico;7.9
One Piece;541;Canônico;6.8
One Piece;542;Filler;5.5
One Piece;543;Canônico;7.0
One Piece;544;Canônico;8.7
One Piece;545;Canônico;7.8
One Piece;546;Canônico;5.8
One Piece;547;Canônico;7.2
One Piece;548;Canônico;8.8
One Piece;549;Canônico;8.0
One Piece;550;Canônico;8.7
One Piece;551;Canônico;7.6
One Piece;552;Canônico;8.9
One Piece;553;Canônico;8.0
One Piece;554;Canônico;7.6
One Piece;555;Canônico;9.0
One Piece;556;Canônico;8.1
One Piece;557;Canônico;7.6
One Piece;558;Canônico;7.6
One Piece;559;Canônico;8.2
One Piece;560;Canônico;9.3
One Piece;561;Canônico;8.3
One Piece;562;Canônico;8.5
One Piece;563;Canônico;9.3
One Piece;564;Canônico;7.9
One Piece;565;Canônico;7.5
One Piece;566;Canônico;8.2
One Piece;567;Canônico;8.7
One Piece;568;Canônico;8.9
One Piece;569;Canônico;6.9
One Piece;570;Canônico;7.3
One Piece;571;Canônico;7.7
One Piece;572;Canônico;9.0
One Piece;573;Canônico;7.0
One Piece;574;Canônico;6.6
One Piece;575;Canônico;7.9
One Piece;576;Canônico;7.2
One Piece;577;Canônico;7.3
One Piece;578;Canônico;8.3
One Piece;579;Canônico;8.1
One Piece;580;Canônico;8.0
One Piece;581;Canônico;10.0
One Piece;582;Canônico;7.3
One Piece;583;Filler;7.0
One Piece;584;Canônico;9.9
One Piece;585;Canônico;7.4
One Piece;586;Canônico;8.2
One Piece;587;Filler;7.7
One Piece;588;Canônico;7.2
One Piece;589;Canônico;8.5
One Piece;590;Canônico;7.3
One Piece;591;Canônico;7.4
One Piece;592;Canônico;6.6
One Piece;593;Canônico;7.4
One Piece;594;Canônico;7.5
One Piece;595;Canônico;8.2
One Piece;596;Canônico;7.7
One Piece;597;Canônico;6.4
One Piece;598;Canônico;6.4
One Piece;599;Filler;5.9
One Piece;600;Canônico;8.7
One Piece;601;Canônico;7.7
One Piece;602;Canônico;8.8
One Piece;603;Canônico;7.8
One Piece;604;Canônico;8.8
One Piece;605;Canônico;6.6
One Piece;606;Canônico;8.0
One Piece;607;Filler;4.6
One Piece;608;Canônico;7.5
One Piece;609;Canônico;8.9
One Piece;610;Canônico;7.5
One Piece;611;Canônico;7.0
One Piece;612;Canônico;8.2
One Piece;613;Canônico;8.7
One Piece;614;Filler;6.0
One Piece;615;Canônico;7.8
One Piece;616;Canônico;8.4
One Piece;617;Canônico;8.5
One Piece;618;Canônico;7.6
One Piece;619;Canônico;6.3
One Piece;620;Filler;5.2
One Piece;621;Canônico;7.0
One Piece;622;Canônico;6.8
One Piece;623;Filler;5.9
One Piece;624;Canônico;8.5
One Piece;625;Filler;5.6
One Piece;626;Canônico;7.7
One Piece;627;Canônico;8.7
One Piece;628;Filler;6.4
One Piece;629;Canônico;9.1
One Piece;630;Canônico;6.7
One Piece;631;Canônico;7.7
One Piece;632;Canônico;7.9
One Piece;633;Filler;4.1
One Piece;634;Canônico;8.8
One Piece;635;Canônico;7.1
One Piece;636;Canônico;6.1
One Piece;637;Canônico;8.0
One Piece;638;Canônico;6.9
One Piece;639;Filler;5.3
One Piece;640;Canônico;6.9
One Piece;641;Canônico;8.4
One Piece;642;Canônico;8.1
One Piece;643;Canônico;7.2
One Piece;644;Canônico;8.4
One Piece;645;Canônico;9.4
One Piece;646;Canônico;8.2
One Piece;647;Canônico;6.0
One Piece;648;Canônico;7.7
One Piece;649;Canônico;7.6
One Piece;650;Filler;5.1
One Piece;651;Canônico;8.2
One Piece;652;Canônico;8.5
One Piece;653;Canônico;6.5
One Piece;654;Filler;6.2
One Piece;655;Canônico;6.9
One Piece;656;Canônico;8.6
One Piece;657;Canônico;9.6
One Piece;658;Canônico;8.6
One Piece;659;Canônico;9.6
One Piece;660;Canônico;8.6
One Piece;661;Canônico;8.4
One Piece;662;Canônico;7.4
One Piece;663;Canônico;7.1
One Piece;664;Canônico;7.2
One Piece;665;Canônico;8.1
One Piece;666;Canônico;7.3
One Piece;667;Canônico;8.3
One Piece;668;Canônico;8.9
One Piece;669;Filler;6.4
One Piece;670;Canônico;7.2
One Piece;671;Canônico;7.7
One Piece;672;Canônico;7.5
One Piece;673;Canônico;8.9
One Piece;674;Filler;4.4
One Piece;675;Canônico;6.9
One Piece;676;Canônico;8.1
One Piece;677;Filler;7.8
One Piece;678;Canônico;7.0
One Piece;679;Canônico;7.7
One Piece;680;Filler;5.2
One Piece;681;Canônico;9.1
One Piece;682;Canônico;8.1
One Piece;683;Canônico;6.8
One Piece;684;Canônico;7.6
One Piece;685;Canônico;6.8
One Piece;686;Canônico;7.2
One Piece;687;Canônico;6.9
One Piece;688;Canônico;9.6
One Piece;689;Canônico;8.2
One Piece;690;Canônico;8.3
One Piece;691;Canônico;7.0
One Piece;692;Canônico;8.5
One Piece;693;Canônico;8.4
One Piece;694;Canônico;8.8
One Piece;695;Canônico;8.9
One Piece;696;Canônico;10.0
One Piece;697;Canônico;6.5
One Piece;698;Canônico;8.3
One Piece;699;Canônico;7.1
One Piece;700;Canônico;7.7
One Piece;701;Canônico;7.0
One Piece;702;Canônico;7.1
One Piece;703;Canônico;8.6
One Piece;704;Canônico;7.4
One Piece;705;Canônico;8.9
One Piece;706;Canônico;8.5
One Piece;707;Canônico;7.5
One Piece;708;Canônico;7.9
One Piece;709;Canônico;7.8
One Piece;710;Canônico;7.6
One Piece;711;Canônico;7.8
One Piece;712;Filler;7.8
One Piece;713;Canônico;7.7
One Piece;714;Canônico;7.9
One Piece;715;Canônico;8.2
One Piece;716;Canônico;7.8
One Piece;717;Canônico;7.4
One Piece;718;Canônico;7.3
One Piece;719;Canônico;8.6
One Piece;720;Canônico;8.2
One Piece;721;Canônico;8.7
One Piece;722;Canônico;6.7
One Piece;723;Canônico;8.7
One Piece;724;Canônico;8.0
One Piece;725;Canônico;9.8
One Piece;726;Canônico;7.8
One Piece;727;Canônico;8.0
One Piece;728;Canônico;7.8
One Piece;729;Canônico;8.4
One Piece;730;Filler;5.6
One Piece;731;Canônico;8.5
One Piece;732;Canônico;8.5
One Piece;733;Canônico;7.1
One Piece;734;Canônico;7.7
One Piece;735;Canônico;8.9
One Piece;736;Canônico;7.6
One Piece;737;Canônico;9.9
One Piece;738;Canônico;7.9
One Piece;739;Canônico;8.0
One Piece;740;Filler;5.3
One Piece;741;Canônico;7.8
One Piece;742;Canônico;8.0
One Piece;743;Canônico;7.1
One Piece;744;Canônico;9.0
One Piece;745;Canônico;8.7
One Piece;746;Canônico;8.1
One Piece;747;Canônico;8.1
One Piece;748;Canônico;7.3
One Piece;749;Canônico;8.9
One Piece;750;Canônico;9.4
One Piece;751;Canônico;7.8
One Piece;752;Canônico;7.4
One Piece;753;Canônico;8.0
One Piece;754;Filler;5.9
One Piece;755;Canônico;8.0
One Piece;756;Canônico;8.5
One Piece;757;Canônico;7.0
One Piece;758;Canônico;7.9
One Piece;759;Canônico;8.0
One Piece;760;Canônico;7.9
One Piece;761;Canônico;8.0
One Piece;762;Canônico;7.4
One Piece;763;Canônico;7.5
One Piece;764;Filler;4.6
One Piece;765;Canônico;8.1
One Piece;766;Canônico;7.8
One Piece;767;Canônico;8.0
One Piece;768;Canônico;7.0
One Piece;769;Canônico;7.6
One Piece;770;Canônico;8.1
One Piece;771;Canônico;8.0
One Piece;772;Canônico;8.6
One Piece;773;Canônico;7.9
One Piece;774;Canônico;8.8
One Piece;775;Canônico;7.5
One Piece;776;Filler;6.0
One Piece;777;Canônico;7.3
One Piece;778;Canônico;8.9
One Piece;779;Filler;5.9
One Piece;780;Filler;5.8
One Piece;781;Canônico;9.3
One Piece;782;Canônico;7.6
One Piece;783;Canônico;8.3
One Piece;784;Canônico;8.3
One Piece;785;Filler;6.3
One Piece;786;Canônico;8.7
One Piece;787;Canônico;6.5
One Piece;788;Canônico;8.2
One Piece;789;Canônico;8.4
One Piece;790;Canônico;9.0
One Piece;791;Canônico;8.0
One Piece;792;Canônico;8.5
One Piece;793;Canônico;6.3
One Piece;794;Canônico;8.8
One Piece;795;Canônico;7.6
One Piece;796;Canônico;8.2
One Piece;797;Canônico;8.1
One Piece;798;Canônico;7.0
One Piece;799;Canônico;8.5
One Piece;800;Canônico;9.2
One Piece;801;Canônico;8.2
One Piece;802;Canônico;8.0
One Piece;803;Filler;6.3
One Piece;804;Canônico;6.1
One Piece;805;Canônico;7.4
One Piece;806;Canônico;7.9
One Piece;807;Canônico;6.0
One Piece;808;Canônico;8.6
One Piece;809;Canônico;8.1
One Piece;810;Canônico;6.9
One Piece;811;Canônico;7.6
One Piece;812;Canônico;7.8
One Piece;813;Canônico;7.0
One Piece;814;Canônico;8.4
One Piece;815;Canônico;8.1
One Piece;816;Canônico;8.4
One Piece;817;Canônico;7.6
One Piece;818;Canônico;8.1
One Piece;819;Canônico;7.5
One Piece;820;Canônico;8.6
One Piece;821;Canônico;8.9
One Piece;822;Canônico;8.5
One Piece;823;Filler;6.7
One Piece;824;Canônico;7.7
One Piece;825;Canônico;8.0
One Piece;826;Canônico;7.6
One Piece;827;Canônico;7.4
One Piece;828;Canônico;9.1
One Piece;829;Filler;7.5
One Piece;830;Canônico;9.3
One Piece;831;Canônico;7.7
One Piece;832;Canônico;8.6
One Piece;833;Filler;8.0
One Piece;834;Canônico;8.8
One Piece;835;Canônico;7.5
One Piece;836;Canônico;8.4
One Piece;837;Canônico;10.0
One Piece;838;Canônico;8.1
One Piece;839;Canônico;7.4
One Piece;840;Canônico;9.6
One Piece;841;Canônico;9.0
One Piece;842;Canônico;7.4
One Piece;843;Canônico;6.3
One Piece;844;Canônico;8.2
One Piece;845;Canônico;8.5
One Piece;846;Canônico;7.6
One Piece;847;Canônico;7.5
One Piece;848;Canônico;8.3
One Piece;849;Filler;6.1
One Piece;850;Canônico;8.4
One Piece;851;Canônico;8.0
One Piece;852;Canônico;8.6
One Piece;853;Canônico;9.1
One Piece;854;Canônico;7.5
One Piece;855;Canônico;8.2
One Piece;856;Canônico;6.8
One Piece;857;Canônico;7.9
One Piece;858;Canônico;7.9
One Piece;859;Canônico;7.6
One Piece;860;Canônico;7.5
One Piece;861;Canônico;7.9
One Piece;862;Canônico;8.4
One Piece;863;Canônico;7.9
One Piece;864;Canônico;8.2
One Piece;865;Canônico;7.8
One Piece;866;Canônico;7.0
One Piece;867;Canônico;8.4
One Piece;868;Canônico;8.4
One Piece;869;Canônico;8.8
One Piece;870;Canônico;8.6
One Piece;871;Canônico;8.1
One Piece;872;Canônico;8.0
One Piece;873;Canônico;7.2
One Piece;874;Canônico;8.3
One Piece;875;Canônico;8.4
One Piece;876;Canônico;9.7
One Piece;877;Canônico;8.6
One Piece;878;Canônico;7.5
One Piece;879;Canônico;7.2
One Piece;880;Canônico;8.1
One Piece;881;Canônico;7.1
One Piece;882;Canônico;8.0
One Piece;883;Canônico;7.9
One Piece;884;Canônico;7.8
One Piece;885;Canônico;8.1
One Piece;886;Canônico;7.6
One Piece;887;Canônico;7.5
One Piece;888;Canônico;8.6
One Piece;889;Canônico;7.5
One Piece;890;Canônico;6.3
One Piece;891;Canônico;7.2
One Piece;892;Canônico;8.0
One Piece;893;Canônico;6.8
One Piece;894;Canônico;9.1
One Piece;895;Canônico;8.5
One Piece;896;Canônico;7.1
One Piece;897;Canônico;7.1
One Piece;898;Canônico;7.6
One Piece;899;Canônico;7.4
One Piece;900;Canônico;8.7
One Piece;901;Filler;5.3
One Piece;902;Canônico;7.8
One Piece;903;Canônico;9.0
One Piece;904;Canônico;7.9
One Piece;905;Canônico;6.7
One Piece;906;Canônico;8.4
One Piece;907;Canônico;7.7
One Piece;908;Canônico;8.6
One Piece;909;Canônico;7.9
One Piece;910;Canônico;7.9
One Piece;911;Canônico;8.5
One Piece;912;Canônico;8.3
One Piece;913;Canônico;8.0
One Piece;914;Canônico;8.5
One Piece;915;Canônico;8.8
One Piece;916;Canônico;6.2
One Piece;917;Canônico;8.0
One Piece;918;Filler;6.7
One Piece;919;Canônico;7.7
One Piece;920;Filler;6.6
One Piece;921;Canônico;6.8
One Piece;922;Canônico;8.5
One Piece;923;Canônico;9.2
One Piece;924;Canônico;7.0
One Piece;925;Canônico;8.8
One Piece;926;Canônico;8.0
One Piece;927;Canônico;7.7
One Piece;928;Canônico;7.9
One Piece;929;Canônico;8.1
One Piece;930;Canônico;8.0
One Piece;931;Canônico;8.1
One Piece;932;Canônico;6.3
One Piece;933;Canônico;7.5
One Piece;934;Filler;6.2
One Piece;935;Filler;6.5
One Piece;936;Canônico;6.8
One Piece;937;Canônico;8.9
One Piece;938;Canônico;9.0
One Piece;939;Canônico;7.9
One Piece;940;Canônico;7.4
One Piece;941;Canônico;8.2
One Piece;942;Canônico;7.8
One Piece;943;Canônico;7.3
One Piece;944;Canônico;7.1
One Piece;945;Canônico;6.2
One Piece;946;Filler;6.4
One Piece;947;Filler;5.8
One Piece;948;Canônico;6.5
One Piece;949;Canônico;6.4
One Piece;950;Canônico;8.1
One Piece;951;Canônico;8.1
One Piece;952;Filler;5.8
One Piece;953;Canônico;7.8
One Piece;954;Canônico;7.3
One Piece;955;Canônico;7.7
One Piece;956;Canônico;8.9
One Piece;957;Filler;5.2
One Piece;958;Canônico;8.5
One Piece;959;Canônico;8.1
One Piece;960;Canônico;8.5
One Piece;961;Canônico;8.8
One Piece;962;Filler;7.7
One Piece;963;Filler;5.0
One Piece;964;Canônico;6.8
One Piece;965;Canônico;7.8
One Piece;966;Canônico;6.7
One Piece;967;Canônico;7.5
One Piece;968;Canônico;8.4
One Piece;969;Canônico;8.1
One Piece;970;Canônico;9.1
One Piece;971;Canônico;8.0
One Piece;972;Canônico;8.0
One Piece;973;Canônico;8.3
One Piece;974;Canônico;8.2
One Piece;975;Canônico;7.0
One Piece;976;Canônico;8.4
One Piece;977;Canônico;7.5
One Piece;978;Canônico;7.5
One Piece;979;Canônico;7.3
One Piece;980;Canônico;8.4
One Piece;981;Canônico;7.3
One Piece;982;Canônico;7.2
One Piece;983;Canônico;7.4
One Piece;984;Canônico;8.3
One Piece;985;Canônico;8.2
One Piece;986;Canônico;7.9
One Piece;987;Canônico;7.9
One Piece;988;Filler;5.1
One Piece;989;Canônico;6.8
One Piece;990;Canônico;8.4
One Piece;991;Canônico;8.3
One Piece;992;Canônico;8.6
One Piece;993;Canônico;8.0
One Piece;994;Canônico;7.8
One Piece;995;Canônico;7.7
One Piece;996;Canônico;8.3
One Piece;997;Canônico;8.8
One Piece;998;Filler;5.1
One Piece;999;Canônico;7.9
One Piece;1000;Canônico;7.9
One Piece;1001;Filler;6.2
One Piece;1002;Canônico;7.0
One Piece;1003;Canônico;7.7
One Piece;1004;Canônico;7.4
One Piece;1005;Canônico;7.4
One Piece;1006;Canônico;7.8
One Piece;1007;Canônico;8.2
One Piece;1008;Canônico;7.7
One Piece;1009;Canônico;7.7
One Piece;1010;Canônico;7.6
One Piece;1011;Canônico;9.3
One Piece;1012;Canônico;8.8
One Piece;1013;Canônico;8.2
One Piece;1014;Canônico;7.5
One Piece;1015;Filler;6.4
One Piece;1016;Canônico;7.3
One Piece;1017;Filler;6.2
One Piece;1018;Canônico;7.5
One Piece;1019;Canônico;7.9
One Piece;1020;Canônico;7.0
One Piece;1021;Filler;6.6
One Piece;1022;Canônico;8.4
One Piece;1023;Canônico;7.9
One Piece;1024;Canônico;8.1
One Piece;1025;Canônico;6.6
One Piece;1026;Canônico;7.7
One Piece;1027;Canônico;7.9
One Piece;1028;Canônico;7.4
One Piece;1029;Canônico;7.2
One Piece;1030;Canônico;8.0
One Piece;1031;Canônico;8.0
One Piece;1032;Canônico;7.7
One Piece;1033;Canônico;8.7
One Piece;1034;Canônico;8.6
One Piece;1035;Canônico;7.8
One Piece;1036;Canônico;8.1
One Piece;1037;Canônico;8.2
One Piece;1038;Canônico;7.2
One Piece;1039;Canônico;7.6
One Piece;1040;Canônico;7.6
One Piece;1041;Canônico;8.3
One Piece;1042;Filler;3.3
One Piece;1043;Canônico;6.9
One Piece;1044;Canônico;7.0
One Piece;1045;Canônico;7.5
One Piece;1046;Canônico;8.9
One Piece;1047;Canônico;8.4
One Piece;1048;Canônico;8.6
One Piece;1049;Canônico;7.4
One Piece;1050;Canônico;8.5
One Piece;1051;Filler;7.1
One Piece;1052;Canônico;7.7
One Piece;1053;Canônico;7.4
One Piece;1054;Canônico;7.6
One Piece;1055;Canônico;8.3
One Piece;1056;Canônico;7.3
One Piece;1057;Canônico;8.3
One Piece;1058;Canônico;8.2
One Piece;1059;Canônico;7.5
One Piece;1060;Canônico;8.8
One Piece;1061;Canônico;8.1
One Piece;1062;Canônico;8.3
One Piece;1063;Canônico;7.7
One Piece;1064;Canônico;7.1
One Piece;1065;Canônico;8.9
One Piece;1066;Canônico;7.3
One Piece;1067;Canônico;8.1
One Piece;1068;Canônico;7.3
One Piece;1069;Canônico;8.8
One Piece;1070;Canônico;6.5
One Piece;1071;Canônico;7.2
One Piece;1072;Canônico;7.8
One Piece;1073;Filler;6.7
One Piece;1074;Canônico;7.7
One Piece;1075;Canônico;9.1
One Piece;1076;Canônico;8.3
One Piece;1077;Filler;6.0
One Piece;1078;Canônico;6.8
One Piece;1079;Filler;6.9
One Piece;1080;Canônico;7.5
One Piece;1081;Canônico;7.1
One Piece;1082;Canônico;9.3
One Piece;1083;Canônico;6.1
One Piece;1084;Canônico;7.9
One Piece;1085;Canônico;7.5
One Piece;1086;Canônico;6.8
One Piece;1087;Canônico;7.0
One Piece;1088;Filler;8.5
One Piece;1089;Canônico;8.5
One Piece;1090;Canônico;7.8
One Piece;1091;Canônico;7.7
One Piece;1092;Canônico;7.2
One Piece;1093;Canônico;7.5
One Piece;1094;Canônico;8.0
One Piece;1095;Canônico;8.0
One Piece;1096;Canônico;7.0
One Piece;1097;Canônico;6.9
One Piece;1098;Canônico;7.4
One Piece;1099;Canônico;7.4
One Piece;1100;Canônico;8.0
One Piece;1101;Canônico;8.0
One Piece;1102;Canônico;7.2
One Piece;1103;Canônico;7.3
One Piece;1104;Canônico;7.6
One Piece;1105;Canônico;9.7
One Piece;1106;Canônico;7.5
One Piece;1107;Canônico;7.0
One Piece;1108;Canônico;6.9
One Piece;1109;Canônico;9.6
One Piece;1110;Canônico;8.6
One Piece;1111;Canônico;8.8
One Piece;1112;Canônico;9.0
Dragon Ball Z;1;Canônico;9.3
Dragon Ball Z;2;Filler;5.5
Dragon Ball Z;3;Canônico;7.9
Dragon Ball Z;4;Canônico;8.8
Dragon Ball Z;5;Canônico;7.5
Dragon Ball Z;6;Canônico;7.4
Dragon Ball Z;7;Canônico;9.2
Dragon Ball Z;8;Canônico;7.0
Dragon Ball Z;9;Canônico;7.4
Dragon Ball Z;10;Canônico;8.3
Dragon Ball Z;11;Canônico;9.1
Dragon Ball Z;12;Canônico;8.4
Dragon Ball Z;13;Canônico;8.1
Dragon Ball Z;14;Canônico;9.3
Dragon Ball Z;15;Canônico;7.3
Dragon Ball Z;16;Canônico;7.9
Dragon Ball Z;17;Canônico;7.3
Dragon Ball Z;18;Canônico;7.4
Dragon Ball Z;19;Canônico;8.7
Dragon Ball Z;20;Canônico;8.9
Dragon Ball Z;21;Canônico;7.7
Dragon Ball Z;22;Canônico;8.0
Dragon Ball Z;23;Filler;4.5
Dragon Ball Z;24;Filler;7.3
Dragon Ball Z;25;Canônico;8.5
Dragon Ball Z;26;Canônico;7.4
Dragon Ball Z;27;Canônico;7.2
Dragon Ball Z;28;Canônico;8.2
Dragon Ball Z;29;Canônico;8.9
Dragon Ball Z;30;Filler;6.1
Dragon Ball Z;31;Canônico;8.6
Dragon Ball Z;32;Canônico;8.8
Dragon Ball Z;33;Canônico;8.0
Dragon Ball Z;34;Canônico;7.6
Dragon Ball Z;35;Canônico;7.4
Dragon Ball Z;36;Filler;7.0
Dragon Ball Z;37;Canônico;8.0
Dragon Ball Z;38;Canônico;7.9
Dragon Ball Z;39;Canônico;7.7
Dragon Ball Z;40;Canônico;8.6
Dragon Ball Z;41;Canônico;8.6
Dragon Ball Z;42;Canônico;7.7
Dragon Ball Z;43;Canônico;7.5
Dragon Ball Z;44;Canônico;7.2
Dragon Ball Z;45;Canônico;8.8
Dragon Ball Z;46;Canônico;8.0
Dragon Ball Z;47;Canônico;8.7
Dragon Ball Z;48;Canônico;8.0
Dragon Ball Z;49;Canônico;6.9
Dragon Ball Z;50;Canônico;7.8
Dragon Ball Z;51;Canônico;8.8
Dragon Ball Z;52;Canônico;8.0
Dragon Ball Z;53;Canônico;7.1
Dragon Ball Z;54;Canônico;9.2
Dragon Ball Z;55;Canônico;7.9
Dragon Ball Z;56;Canônico;7.8
Dragon Ball Z;57;Canônico;7.7
Dragon Ball Z;58;Canônico;9.1
Dragon Ball Z;59;Canônico;7.3
Dragon Ball Z;60;Canônico;7.0
Dragon Ball Z;61;Canônico;7.5
Dragon Ball Z;62;Canônico;7.8
Dragon Ball Z;63;Canônico;8.8
Dragon Ball Z;64;Canônico;7.0
Dragon Ball Z;65;Filler;6.5
Dragon Ball Z;66;Canônico;7.5
Dragon Ball Z;67;Canônico;7.1
Dragon Ball Z;68;Canônico;7.6
Dragon Ball Z;69;Canônico;7.5
Dragon Ball Z;70;Filler;6.1
Dragon Ball Z;71;Canônico;8.4
Dragon Ball Z;72;Canônico;7.6
Dragon Ball Z;73;Filler;5.5
Dragon Ball Z;74;Canônico;6.8
Dragon Ball Z;75;Canônico;7.1
Dragon Ball Z;76;Canônico;7.6
Dragon Ball Z;77;Canônico;9.3
Dragon Ball Z;78;Canônico;6.5
Dragon Ball Z;79;Filler;5.4
Dragon Ball Z;80;Canônico;9.0
Dragon Ball Z;81;Canônico;8.7
Dragon Ball Z;82;Canônico;8.2
Dragon Ball Z;83;Canônico;8.9
Dragon Ball Z;84;Canônico;7.4
Dragon Ball Z;85;Filler;5.2
Dragon Ball Z;86;Canônico;6.7
Dragon Ball Z;87;Canônico;8.5
Dragon Ball Z;88;Canônico;7.6
Dragon Ball Z;89;Canônico;8.5
Dragon Ball Z;90;Canônico;7.7
Dragon Ball Z;91;Canônico;8.4
Dragon Ball Z;92;Canônico;6.5
Dragon Ball Z;93;Canônico;8.0
Dragon Ball Z;94;Canônico;9.8
Dragon Ball Z;95;Canônico;8.4
Dragon Ball Z;96;Canônico;9.1
Dragon Ball Z;97;Canônico;7.1
Dragon Ball Z;98;Canônico;8.0
Dragon Ball Z;99;Canônico;6.7
Dragon Ball Z;100;Canônico;9.0
Dragon Ball Z;101;Canônico;7.9
Dragon Ball Z;102;Canônico;7.8
Dragon Ball Z;103;Canônico;6.9
Dragon Ball Z;104;Canônico;8.0
Dragon Ball Z;105;Canônico;8.5
Dragon Ball Z;106;Canônico;7.8
Dragon Ball Z;107;Canônico;8.3
Dragon Ball Z;108;Canônico;7.9
Dragon Ball Z;109;Filler;6.7
Dragon Ball Z;110;Filler;6.8
Dragon Ball Z;111;Canônico;7.5
Dragon Ball Z;112;Canônico;7.7
Dragon Ball Z;113;Filler;6.5
Dragon Ball Z;114;Canônico;7.3
Dragon Ball Z;115;Filler;5.7
Dragon Ball Z;116;Canônico;6.9
Dragon Ball Z;117;Canônico;6.9
Dragon Ball Z;118;Canônico;8.1
Dragon Ball Z;119;Canônico;7.4
Dragon Ball Z;120;Canônico;8.7
Dragon Ball Z;121;Canônico;7.5
Dragon Ball Z;122;Canônico;7.9
Dragon Ball Z;123;Canônico;8.2
Dragon Ball Z;124;Canônico;8.3
Dragon Ball Z;125;Canônico;8.0
Dragon Ball Z;126;Filler;6.4
Dragon Ball Z;127;Canônico;6.9
Dragon Ball Z;128;Canônico;8.6
Dragon Ball Z;129;Canônico;6.8
Dragon Ball Z;130;Canônico;7.3
Dragon Ball Z;131;Canônico;9.3
Dragon Ball Z;132;Canônico;6.8
Dragon Ball Z;133;Canônico;6.5
Dragon Ball Z;134;Canônico;7.7
Dragon Ball Z;135;Canônico;7.6
Dragon Ball Z;136;Canônico;7.7
Dragon Ball Z;137;Canônico;7.2
Dragon Ball Z;138;Canônico;6.5
Dragon Ball Z;139;Canônico;6.9
Dragon Ball Z;140;Canônico;6.9
Dragon Ball Z;141;Canônico;8.4
Dragon Ball Z;142;Canônico;7.7
Dragon Ball Z;143;Canônico;8.0
Dragon Ball Z;144;Canônico;8.1
Dragon Ball Z;145;Canônico;8.3
Dragon Ball Z;146;Canônico;7.8
Dragon Ball Z;147;Canônico;8.7
Dragon Ball Z;148;Canônico;6.3
Dragon Ball Z;149;Filler;6.0
Dragon Ball Z;150;Canônico;8.9
Dragon Ball Z;151;Filler;6.0
Dragon Ball Z;152;Canônico;8.5
Dragon Ball Z;153;Canônico;7.9
Dragon Ball Z;154;Canônico;7.7
Dragon Ball Z;155;Canônico;8.5
Dragon Ball Z;156;Canônico;9.1
Dragon Ball Z;157;Canônico;7.7
Dragon Ball Z;158;Canônico;8.2
Dragon Ball Z;159;Canônico;8.3
Dragon Ball Z;160;Canônico;8.0
Dragon Ball Z;161;Canônico;7.8
Dragon Ball Z;162;Canônico;7.8
Dragon Ball Z;163;Canônico;8.4
Dragon Ball Z;164;Canônico;7.2
Dragon Ball Z;165;Canônico;6.5
Dragon Ball Z;166;Canônico;6.7
Dragon Ball Z;167;Canônico;6.6
Dragon Ball Z;168;Canônico;9.7
Dragon Ball Z;169;Filler;5.8
Dragon Ball Z;170;Filler;5.5
Dragon Ball Z;171;Canônico;8.5
Dragon Ball Z;172;Canônico;7.4
Dragon Ball Z;173;Canônico;8.6
Dragon Ball Z;174;Canônico;7.1
Dragon Ball Z;175;Canônico;6.9
Dragon Ball Z;176;Canônico;8.4
Dragon Ball Z;177;Canônico;8.7
Dragon Ball Z;178;Canônico;8.6
Dragon Ball Z;179;Canônico;7.0
Dragon Ball Z;180;Canônico;7.4
Dragon Ball Z;181;Filler;4.3
Dragon Ball Z;182;Canônico;7.9
Dragon Ball Z;183;Canônico;7.2
Dragon Ball Z;184;Canônico;8.7
Dragon Ball Z;185;Canônico;8.3
Dragon Ball Z;186;Canônico;8.4
Dragon Ball Z;187;Canônico;6.8
Dragon Ball Z;188;Canônico;8.2
Dragon Ball Z;189;Canônico;8.3
Dragon Ball Z;190;Canônico;7.8
Dragon Ball Z;191;Canônico;6.2
Dragon Ball Z;192;Canônico;8.4
Dragon Ball Z;193;Canônico;7.3
Dragon Ball Z;194;Canônico;7.3
Dragon Ball Z;195;Canônico;7.9
Dragon Ball Z;196;Canônico;8.3
Dragon Ball Z;197;Canônico;6.6
Dragon Ball Z;198;Canônico;7.8
Dragon Ball Z;199;Canônico;8.6
Dragon Ball Z;200;Canônico;8.6
Dragon Ball Z;201;Canônico;8.3
Dragon Ball Z;202;Canônico;8.8
Dragon Ball Z;203;Canônico;7.7
Dragon Ball Z;204;Canônico;9.1
Dragon Ball Z;205;Canônico;8.4
Dragon Ball Z;206;Canônico;7.5
Dragon Ball Z;207;Canônico;8.1
Dragon Ball Z;208;Canônico;8.6
Dragon Ball Z;209;Filler;5.4
Dragon Ball Z;210;Canônico;7.9
Dragon Ball Z;211;Canônico;8.1
Dragon Ball Z;212;Canônico;7.5
Dragon Ball Z;213;Canônico;8.3
Dragon Ball Z;214;Filler;5.1
Dragon Ball Z;215;Canônico;7.7
Dragon Ball Z;216;Canônico;6.0
Dragon Ball Z;217;Canônico;8.2
Dragon Ball Z;218;Canônico;8.5
Dragon Ball Z;219;Filler;5.7
Dragon Ball Z;220;Canônico;7.5
Dragon Ball Z;221;Filler;7.5
Dragon Ball Z;222;Canônico;8.4
Dragon Ball Z;223;Canônico;8.5
Dragon Ball Z;224;Filler;6.0
Dragon Ball Z;225;Canônico;9.5
Dragon Ball Z;226;Canônico;7.9
Dragon Ball Z;227;Canônico;7.6
Dragon Ball Z;228;Canônico;9.4
Dragon Ball Z;229;Filler;6.6
Dragon Ball Z;230;Canônico;8.6
Dragon Ball Z;231;Filler;7.4
Dragon Ball Z;232;Canônico;7.0
Dragon Ball Z;233;Canônico;8.7
Dragon Ball Z;234;Canônico;7.0
Dragon Ball Z;235;Filler;5.9
Dragon Ball Z;236;Canônico;7.2
Dragon Ball Z;237;Canônico;7.7
Dragon Ball Z;238;Canônico;7.7
Dragon Ball Z;239;Filler;6.8
Dragon Ball Z;240;Canônico;8.1
Dragon Ball Z;241;Canônico;8.4
Dragon Ball Z;242;Canônico;8.3
Dragon Ball Z;243;Canônico;7.6
Dragon Ball Z;244;Canônico;7.5
Dragon Ball Z;245;Canônico;7.9
Dragon Ball Z;246;Canônico;8.8
Dragon Ball Z;247;Canônico;7.1
Dragon Ball Z;248;Filler;4.2
Dragon Ball Z;249;Canônico;8.5
Dragon Ball Z;250;Canônico;7.6
Dragon Ball Z;251;Filler;6.2
Dragon Ball Z;252;Canônico;7.1
Dragon Ball Z;253;Canônico;6.8
Dragon Ball Z;254;Filler;6.8
Dragon Ball Z;255;Canônico;8.1
Dragon Ball Z;256;Canônico;7.9
Dragon Ball Z;257;Canônico;8.2
Dragon Ball Z;258;Canônico;8.1
Dragon Ball Z;259;Canônico;8.2
Dragon Ball Z;260;Canônico;7.6
Dragon Ball Z;261;Canônico;7.8
Dragon Ball Z;262;Filler;7.6
Dragon Ball Z;263;Canônico;7.5
Dragon Ball Z;264;Canônico;8.5
Dragon Ball Z;265;Canônico;8.0
Dragon Ball Z;266;Canônico;5.6
Dragon Ball Z;267;Canônico;8.3
Dragon Ball Z;268;Canônico;7.2
Dragon Ball Z;269;Canônico;7.7
Dragon Ball Z;270;Canônico;7.5
Dragon Ball Z;271;Filler;7.7
Dragon Ball Z;272;Canônico;8.2
Dragon Ball Z;273;Filler;7.1
Dragon Ball Z;274;Canônico;8.6
Dragon Ball Z;275;Canônico;8.7
Dragon Ball Z;276;Canônico;7.5
Dragon Ball Z;277;Canônico;7.3
Dragon Ball Z;278;Canônico;8.7
Dragon Ball Z;279;Canônico;8.5
Dragon Ball Z;280;Canônico;9.4
Dragon Ball Z;281;Canônico;7.3
Dragon Ball Z;282;Canônico;8.4
Dragon Ball Z;283;Canônico;9.1
Dragon Ball Z;284;Canônico;8.0
Dragon Ball Z;285;Canônico;7.5
Dragon Ball Z;286;Canônico;9.0
Dragon Ball Z;287;Filler;5.0
Dragon Ball Z;288;Canônico;9.0
Dragon Ball Z;289;Canônico;8.0
Dragon Ball Z;290;Filler;5.6
Dragon Ball Z;291;Canônico;8.1
